{"CricketShot2": 3.115140104293823, "CricketShot": 3.126271629333496}