{"CricketShot2": 1.6108192920684814, "CricketShot": 1.6203794479370117}